Name,Activity type,Description,,,,,,,,,
12/11/2013 12:31pm,,,,,,,,,,,
,,,,,,,,,,,
Segment,Point,Latitude (deg),Longitude (deg),Altitude (m),Bearing (deg),Accuracy (m),Speed (m/s),Time,Power (W),Cadence (rpm),Heart rate (bpm)
1,1,53.378497,-1.468925,,,46.436,,2013-11-12T12:31:17.991Z,,,
1,2,53.378497,-1.468925,,,46.971,,2013-11-12T12:31:20.869Z,,,
1,3,53.378611,-1.469179,161.1999969,,26,,2013-11-12T12:31:24.832Z,,,
1,4,53.378611,-1.469179,161.1999969,,26,,2013-11-12T12:31:25.462Z,,,
1,5,53.378852,-1.469082,188.8000031,13,22,27.8956,2013-11-12T12:31:25.820Z,,,
1,6,53.378966,-1.469019,178.6999969,15,19.492,18.3313,2013-11-12T12:31:26.846Z,,,
1,7,53.379038,-1.468943,187.5,20,19.007,14.0976,2013-11-12T12:31:27.856Z,,,
1,8,53.379069,-1.468879,209.6000061,25,18.246,10.9922,2013-11-12T12:31:28.822Z,,,
1,9,53.379049,-1.468738,181.5,44,16.282,6.6021,2013-11-12T12:31:30.828Z,,,
1,10,53.379073,-1.468688,186.8000031,45,16.91,6.017,2013-11-12T12:31:31.849Z,,,
1,11,53.379099,-1.468703,155.8999939,38,18.211,4.0825,2013-11-12T12:31:33.853Z,,,
1,12,53.379157,-1.469024,168,335,15.189,4.2019,2013-11-12T12:31:34.848Z,,,
1,13,53.379196,-1.468927,142.3999939,0,14.239,3.2904,2013-11-12T12:31:36.833Z,,,
1,14,53.379228,-1.468931,167.6999969,359,13.815,3.3226,2013-11-12T12:31:37.837Z,,,
1,15,53.379163,-1.468955,172.8999939,220,9.927,0.4696,2013-11-12T12:31:41.829Z,,,
1,16,53.379111,-1.468981,167.1000061,201,9.375,1.801,2013-11-12T12:31:42.830Z,,,
1,17,53.379155,-1.468867,189.8999939,27,6.966,1.1044,2013-11-12T12:31:47.832Z,,,
1,18,53.379201,-1.468886,194.6999969,359,7.771,2.262,2013-11-12T12:31:48.835Z,,,
1,19,53.379256,-1.468917,217.3000031,350,8.868,3.459,2013-11-12T12:31:50.307Z,,,
1,20,53.379319,-1.469016,197.6000061,333,8.821,4.8944,2013-11-12T12:31:50.888Z,,,
1,21,53.379329,-1.469147,198.1999969,312,9.095,5.3688,2013-11-12T12:31:51.825Z,,,
1,22,53.379353,-1.46923,194.6999969,308,9.102,5.504,2013-11-12T12:31:52.842Z,,,
1,23,53.37934,-1.469372,157.8000031,287,10.234,4.8158,2013-11-12T12:31:54.828Z,,,
1,24,53.37933,-1.469425,157.8000031,281,10.839,4.407,2013-11-12T12:31:55.835Z,,,
1,25,53.379309,-1.46952,149,271,11.865,4.8113,2013-11-12T12:31:56.835Z,,,
1,26,53.379272,-1.469615,147.6999969,261,12.009,5.2179,2013-11-12T12:31:57.834Z,,,
1,27,53.379196,-1.469686,157.6000061,242,12.653,3.5918,2013-11-12T12:32:01.145Z,,,
1,28,53.37918,-1.469744,163,243,15.735,3.7061,2013-11-12T12:32:01.852Z,,,
1,29,53.379447,-1.469863,,,20.699,,2013-11-12T12:32:06.445Z,,,
1,30,53.379447,-1.469863,,,21.874,,2013-11-12T12:32:08.410Z,,,
1,31,53.379132,-1.469904,134,286,6.826,0.3095,2013-11-12T12:32:09.405Z,,,
1,32,53.379131,-1.469903,133.6999969,,6.475,0.1639,2013-11-12T12:32:10.403Z,,,
1,33,53.379131,-1.469903,133.6999969,,6.475,0.1639,2013-11-12T12:32:11.321Z,,,
1,34,53.379126,-1.469905,133.6999969,,6.252,0.2427,2013-11-12T12:32:11.457Z,,,
1,35,53.379117,-1.469909,133.6000061,201,7.126,0.3126,2013-11-12T12:32:15.148Z,,,
1,36,53.37912,-1.469906,135.1000061,,8.869,0.0954,2013-11-12T12:32:15.376Z,,,
1,37,53.379128,-1.469898,134.6999969,,13.297,0.1926,2013-11-12T12:32:17.394Z,,,
1,38,53.379133,-1.469893,134.6999969,36,15.797,0.2828,2013-11-12T12:32:18.403Z,,,
1,39,53.379139,-1.469886,134.6000061,34,18.092,0.3914,2013-11-12T12:32:19.403Z,,,
1,40,53.379442,-1.469856,,,13.301,,2013-11-12T12:32:20.200Z,,,
1,41,53.379487,-1.469966,,,28.739,,2013-11-12T12:32:50.496Z,,,
1,42,53.379502,-1.469977,,,25.312,,2013-11-12T12:32:50.528Z,,,
1,43,53.379562,-1.470008,,,25.016,,2013-11-12T12:33:05.392Z,,,
1,44,53.379855,-1.47019,165.6000061,10,8.303,3.5523,2013-11-12T12:33:06.401Z,,,
1,45,53.379932,-1.470192,165.5,4,7.532,3.8473,2013-11-12T12:33:08.408Z,,,
1,46,53.379965,-1.470197,166.5,1,7.123,3.8128,2013-11-12T12:33:09.404Z,,,
1,47,53.380049,-1.470203,167.6999969,0,6.382,3.2701,2013-11-12T12:33:12.408Z,,,
1,48,53.380073,-1.470192,168.1999969,4,6.335,3.0943,2013-11-12T12:33:13.415Z,,,
1,49,53.380144,-1.470118,169.3999939,35,6.75,1.1445,2013-11-12T12:33:20.379Z,,,
1,50,53.380149,-1.470108,169.3000031,39,7.161,1.0464,2013-11-12T12:33:21.409Z,,,
1,51,53.380208,-1.470019,171.1000061,37,10.258,1.3183,2013-11-12T12:33:28.410Z,,,
1,52,53.380221,-1.470007,171.1000061,35,10.897,1.3858,2013-11-12T12:33:29.427Z,,,
1,53,53.380289,-1.469923,170.8999939,36,17.147,1.7497,2013-11-12T12:33:35.243Z,,,
1,54,53.380302,-1.469906,170.8999939,36,18.97,1.7801,2013-11-12T12:33:35.359Z,,,
1,55,53.380364,-1.469846,171.1000061,32,25.399,1.8765,2013-11-12T12:33:39.416Z,,,
1,56,53.380386,-1.469841,170.1999969,28,24.541,1.9424,2013-11-12T12:33:40.379Z,,,
1,57,53.380386,-1.469841,170.1999969,28,24.541,1.9424,2013-11-12T12:33:40.538Z,,,
1,58,53.380443,-1.470027,169.8000031,339,22.093,2.5405,2013-11-12T12:33:41.418Z,,,
1,59,53.380483,-1.470153,169.8000031,323,20.372,3.3411,2013-11-12T12:33:42.403Z,,,
1,60,53.380509,-1.470251,170,316,18.405,3.7776,2013-11-12T12:33:43.461Z,,,
1,61,53.380533,-1.47038,170.1000061,306,13.829,3.9093,2013-11-12T12:33:45.388Z,,,
1,62,53.380544,-1.470442,170,302,12.551,3.936,2013-11-12T12:33:46.407Z,,,
1,63,53.38056,-1.470559,170,295,11.754,3.9025,2013-11-12T12:33:48.394Z,,,
1,64,53.380565,-1.470614,169.6000061,291,11.681,3.8303,2013-11-12T12:33:49.393Z,,,
1,65,53.380579,-1.47076,169.5,286,10.892,3.515,2013-11-12T12:33:52.417Z,,,
1,66,53.380584,-1.470811,169.5,284,10.983,3.4914,2013-11-12T12:33:53.405Z,,,
1,67,53.380587,-1.470949,167.6999969,278,9.628,3.2025,2013-11-12T12:33:56.401Z,,,
1,68,53.38059,-1.470985,165,278,9.541,3.0159,2013-11-12T12:33:57.401Z,,,
1,69,53.380513,-1.471038,165.3000031,210,19.514,1.0068,2013-11-12T12:34:20.374Z,,,
1,70,53.380507,-1.471066,166.8000031,222,20.18,1.0948,2013-11-12T12:34:21.399Z,,,
1,71,53.380494,-1.471199,165.5,248,17.319,1.7815,2013-11-12T12:34:25.310Z,,,
1,72,53.38049,-1.471245,166.3000031,252,15.85,1.9757,2013-11-12T12:34:25.396Z,,,
1,73,53.380498,-1.47137,166.3999939,266,13.391,2.2888,2013-11-12T12:34:28.386Z,,,
1,74,53.380503,-1.471408,166.1999969,270,12.738,2.3169,2013-11-12T12:34:29.409Z,,,
1,75,53.380523,-1.471552,165.8999939,277,10.918,2.0153,2013-11-12T12:34:34.404Z,,,
1,76,53.380522,-1.471581,166.1000061,276,10.969,1.994,2013-11-12T12:34:35.398Z,,,
1,77,53.380511,-1.471691,166.1999969,266,12.037,2.2342,2013-11-12T12:34:38.448Z,,,
1,78,53.380503,-1.471729,166.6000061,262,12.206,2.3441,2013-11-12T12:34:39.398Z,,,
1,79,53.380458,-1.471848,167,246,11.909,2.2755,2013-11-12T12:34:43.393Z,,,
1,80,53.380448,-1.471874,166.8999939,244,11.707,2.2176,2013-11-12T12:34:44.392Z,,,
1,81,53.380417,-1.472007,162.5,248,11.707,1.2387,2013-11-12T12:34:52.452Z,,,
1,82,53.380413,-1.47202,163,247,11.563,1.1935,2013-11-12T12:34:53.398Z,,,
1,83,53.380384,-1.472158,156.6000061,251,9.013,2.1637,2013-11-12T12:34:57.393Z,,,
1,84,53.38038,-1.472203,154.8999939,255,8.722,2.3722,2013-11-12T12:34:58.392Z,,,
1,85,53.380384,-1.472338,153,268,7.707,2.7213,2013-11-12T12:35:02.072Z,,,
1,86,53.380389,-1.472382,153.1999969,272,7.195,2.7598,2013-11-12T12:35:02.402Z,,,
1,87,53.380409,-1.472512,149.6000061,282,6.149,2.1935,2013-11-12T12:35:06.403Z,,,
1,88,53.380411,-1.47254,148.6000061,281,5.886,2.0724,2013-11-12T12:35:07.402Z,,,
1,89,53.380395,-1.472682,147.3999939,245,7.161,0.646,2013-11-12T12:35:25.136Z,,,
1,90,53.380394,-1.472688,147.5,249,7.545,0.5862,2013-11-12T12:35:25.374Z,,,
1,91,53.38038,-1.472835,147.5,250,10.599,1.2148,2013-11-12T12:35:35.356Z,,,
1,92,53.380369,-1.472855,146.5,242,10.793,1.3412,2013-11-12T12:35:36.362Z,,,
1,93,53.380314,-1.472927,147.3999939,225,12.236,1.9857,2013-11-12T12:35:39.404Z,,,
1,94,53.380292,-1.472954,147.5,223,12.999,2.1989,2013-11-12T12:35:40.428Z,,,
1,95,53.380236,-1.473052,147.1999969,225,14.572,2.6219,2013-11-12T12:35:43.390Z,,,
1,96,53.380218,-1.473093,147.1999969,227,14.515,2.7688,2013-11-12T12:35:44.388Z,,,
1,97,53.38018,-1.473177,146.6999969,230,12.755,3.0035,2013-11-12T12:35:46.417Z,,,
1,98,53.380157,-1.473214,145.8999939,228,11.493,3.1368,2013-11-12T12:35:47.401Z,,,
1,99,53.380109,-1.473314,146.8999939,231,8.894,3.0077,2013-11-12T12:35:50.396Z,,,
1,100,53.38009,-1.473365,146.8999939,233,7.965,3.2421,2013-11-12T12:35:51.399Z,,,
1,101,53.380052,-1.473499,146.5,242,7.984,3.2109,2013-11-12T12:35:54.408Z,,,
1,102,53.380045,-1.473544,146,246,8.052,3.1238,2013-11-12T12:35:55.448Z,,,
1,103,53.380055,-1.473686,145.6000061,269,8.204,2.4371,2013-11-12T12:35:59.404Z,,,
1,104,53.380064,-1.473711,145.3999939,277,8.075,2.2234,2013-11-12T12:36:00.421Z,,,
1,105,53.380118,-1.473794,145.6999969,307,8.743,2.0273,2013-11-12T12:36:04.393Z,,,
1,106,53.380134,-1.473817,145.8000031,310,9.183,2.0932,2013-11-12T12:36:05.418Z,,,
1,107,53.380189,-1.473903,145.8000031,315,10.962,2.0607,2013-11-12T12:36:09.415Z,,,
1,108,53.3802,-1.473923,145.8000031,315,12.294,2.0028,2013-11-12T12:36:10.394Z,,,
1,109,53.380241,-1.474025,145.8000031,308,18.829,1.7285,2013-11-12T12:36:15.405Z,,,
1,110,53.380251,-1.47405,145.6999969,307,18.509,1.7731,2013-11-12T12:36:16.392Z,,,
1,111,53.380295,-1.47414,145.8000031,309,16.152,2.1204,2013-11-12T12:36:20.188Z,,,
1,112,53.380314,-1.474167,145.8000031,311,15.067,2.2308,2013-11-12T12:36:20.426Z,,,
1,113,53.38039,-1.474238,145.8999939,323,13.929,2.6734,2013-11-12T12:36:23.405Z,,,
1,114,53.380422,-1.47426,146,327,13.238,2.887,2013-11-12T12:36:24.395Z,,,
1,115,53.380486,-1.474305,146.1000061,332,12.226,3.2448,2013-11-12T12:36:26.410Z,,,
1,116,53.380516,-1.474331,146.1000061,332,11.589,3.3632,2013-11-12T12:36:27.389Z,,,
1,117,53.380576,-1.474368,146.1000061,336,10.656,3.4105,2013-11-12T12:36:30.314Z,,,
1,118,53.380604,-1.474379,146,339,8.97,3.368,2013-11-12T12:36:30.398Z,,,
1,119,53.380689,-1.474376,144.8000031,353,8.991,3.156,2013-11-12T12:36:33.402Z,,,
1,120,53.380714,-1.474372,144.6999969,356,9.036,3.054,2013-11-12T12:36:34.400Z,,,
1,121,53.3808,-1.474385,145.3000031,354,7.688,2.1222,2013-11-12T12:36:39.393Z,,,
1,122,53.380827,-1.474392,145.8999939,353,7.58,2.3564,2013-11-12T12:36:40.450Z,,,
1,123,53.380914,-1.474422,147.6999969,353,5.995,1.5612,2013-11-12T12:36:45.509Z,,,
1,124,53.38092,-1.474418,148,358,5.752,1.2695,2013-11-12T12:36:46.404Z,,,
1,125,53.381001,-1.474405,145.8000031,0,5.129,1.7352,2013-11-12T12:36:52.398Z,,,
1,126,53.38102,-1.474408,146.3000031,358,5.125,1.8714,2013-11-12T12:36:53.400Z,,,
1,127,53.381097,-1.474376,147,14,5.121,2.1922,2013-11-12T12:36:57.408Z,,,
1,128,53.381118,-1.474366,146.8000031,14,5.105,2.2762,2013-11-12T12:36:58.392Z,,,
1,129,53.381195,-1.474357,150.6000061,3,4.5,0.37,2013-11-12T12:37:06.401Z,,,
1,130,53.381192,-1.474361,151.1000061,,4.5,0.136,2013-11-12T12:37:07.395Z,,,
1,131,53.381189,-1.474366,150.8999939,,4.504,0.1896,2013-11-12T12:37:08.398Z,,,
1,132,53.381187,-1.474372,151.1999969,247,4.503,0.2806,2013-11-12T12:37:09.399Z,,,
1,133,53.381269,-1.47443,151.6000061,321,6.827,0.7902,2013-11-12T12:37:22.393Z,,,
1,134,53.381278,-1.47444,150.3000031,324,7.149,0.9045,2013-11-12T12:37:23.396Z,,,
1,135,53.381327,-1.474527,149.3999939,313,8.357,1.7619,2013-11-12T12:37:27.407Z,,,
1,136,53.381338,-1.474551,149.6000061,312,8.912,1.8574,2013-11-12T12:37:28.394Z,,,
1,137,53.38137,-1.474678,149.3000031,293,9.515,1.8385,2013-11-12T12:37:33.398Z,,,
1,138,53.381367,-1.474712,149.3000031,285,9.218,1.8889,2013-11-12T12:37:34.400Z,,,
1,139,53.381334,-1.474833,148.6999969,254,8.659,2.0081,2013-11-12T12:37:38.397Z,,,
1,140,53.38132,-1.474862,150.3000031,248,8.861,2.0952,2013-11-12T12:37:39.406Z,,,
1,141,53.381278,-1.474967,150.8000031,241,9.216,2.5361,2013-11-12T12:37:42.393Z,,,
1,142,53.381268,-1.475004,150.8999939,242,8.818,2.5791,2013-11-12T12:37:43.393Z,,,
1,143,53.381229,-1.475137,151.6999969,243,9.916,2.5174,2013-11-12T12:37:47.399Z,,,
1,144,53.381215,-1.475172,151.8999939,241,11.147,2.5869,2013-11-12T12:37:48.399Z,,,
1,145,53.381175,-1.475275,151.8000031,239,16.841,2.6444,2013-11-12T12:37:51.393Z,,,
1,146,53.381164,-1.475309,151.8000031,240,19.219,2.6303,2013-11-12T12:37:52.399Z,,,
1,147,53.38113,-1.475409,150.8999939,240,24.779,2.5967,2013-11-12T12:37:55.349Z,,,
1,148,53.381121,-1.475442,151.1000061,241,25.743,2.559,2013-11-12T12:37:56.392Z,,,
1,149,53.381078,-1.475568,150.5,241,33.228,2.4995,2013-11-12T12:38:00.407Z,,,
1,150,53.381152,-1.474908,,,21.359,,2013-11-12T12:38:00.458Z,,,
1,151,53.381152,-1.474908,,,28.831,,2013-11-12T12:38:08.393Z,,,
1,152,53.380918,-1.475631,,,29.999,,2013-11-12T12:38:09.129Z,,,
1,153,53.380893,-1.475821,149.3000031,217,10.096,2.9306,2013-11-12T12:38:09.364Z,,,
1,154,53.38086,-1.47596,139.1000061,263,5.023,0.6369,2013-11-12T12:38:23.390Z,,,
1,155,53.380858,-1.475966,139.3999939,258,5.443,0.5715,2013-11-12T12:38:24.395Z,,,
1,156,53.380826,-1.476072,139,241,7.191,1.4943,2013-11-12T12:38:31.404Z,,,
1,157,53.380813,-1.476108,138.8000031,241,7.594,1.8786,2013-11-12T12:38:32.396Z,,,
1,158,53.380783,-1.476243,140.6999969,248,8.163,2.6931,2013-11-12T12:38:36.359Z,,,
1,159,53.380776,-1.47629,140,251,8.063,2.8127,2013-11-12T12:38:36.420Z,,,
1,160,53.380758,-1.476433,141.3000031,257,6.031,2.3064,2013-11-12T12:38:40.517Z,,,
1,161,53.380754,-1.476456,142.1000061,256,5.342,2.132,2013-11-12T12:38:41.416Z,,,
1,162,53.380702,-1.476575,145.5,222,4.506,1.0931,2013-11-12T12:38:50.691Z,,,
1,163,53.380691,-1.476585,146.6000061,215,4.492,1.2,2013-11-12T12:38:51.396Z,,,
1,164,53.380643,-1.47667,148.1000061,241,3.231,1.9158,2013-11-12T12:38:57.390Z,,,
1,165,53.38063,-1.476708,149.1000061,240,3.213,2.3837,2013-11-12T12:38:58.399Z,,,
1,166,53.380602,-1.47684,147.8000031,253,3.178,3.0296,2013-11-12T12:39:01.373Z,,,
1,167,53.380601,-1.476884,148.3999939,260,3.155,2.9326,2013-11-12T12:39:02.402Z,,,
1,168,53.380614,-1.477024,155.6000061,279,3.195,0.8065,2013-11-12T12:39:11.239Z,,,
1,169,53.380615,-1.477044,155.1999969,277,3.171,1.0926,2013-11-12T12:39:11.345Z,,,
1,170,53.380627,-1.477177,152.1999969,281,3.805,2.2272,2013-11-12T12:39:15.373Z,,,
1,171,53.380638,-1.477199,155.3999939,292,3.34,1.9998,2013-11-12T12:39:16.385Z,,,
1,172,53.380707,-1.477272,161.3000031,327,3.208,1.3957,2013-11-12T12:39:23.397Z,,,
1,173,53.380712,-1.477286,161.1999969,316,3.203,1.212,2013-11-12T12:39:24.402Z,,,
1,174,53.380795,-1.477332,168.6000061,342,3.203,2.2185,2013-11-12T12:39:30.294Z,,,
1,175,53.380807,-1.477341,169.1999969,341,3.166,1.9293,2013-11-12T12:39:30.348Z,,,
1,176,53.38075,-1.477437,169.3999939,209,3.878,1.7192,2013-11-12T12:39:40.421Z,,,
1,177,53.380734,-1.477456,169.6000061,212,3.866,1.8926,2013-11-12T12:39:41.423Z,,,
1,178,53.38068,-1.477525,168.6999969,217,3.345,2.4955,2013-11-12T12:39:44.953Z,,,
1,179,53.380659,-1.477552,168.1999969,217,3.211,2.7241,2013-11-12T12:39:45.405Z,,,
1,180,53.3806,-1.47764,168.3999939,222,3.197,2.8543,2013-11-12T12:39:48.401Z,,,
1,181,53.380583,-1.47767,167.6999969,225,3.204,2.7684,2013-11-12T12:39:49.411Z,,,
1,182,53.380539,-1.477759,168.3999939,231,3.202,2.5608,2013-11-12T12:39:52.408Z,,,
1,183,53.380525,-1.477786,165.8000031,231,3.199,2.4312,2013-11-12T12:39:53.408Z,,,
1,184,53.380458,-1.477884,159.3999939,223,3.202,2.4349,2013-11-12T12:39:57.413Z,,,
1,185,53.380444,-1.477908,159.3999939,225,3.185,2.3323,2013-11-12T12:39:58.385Z,,,
1,186,53.380397,-1.478029,159.3999939,238,3.201,2.4604,2013-11-12T12:40:02.394Z,,,
1,187,53.380387,-1.478063,159.3000031,241,3.21,2.441,2013-11-12T12:40:03.412Z,,,
1,188,53.380362,-1.478183,158.8000031,253,3.836,1.6207,2013-11-12T12:40:08.406Z,,,
1,189,53.380358,-1.478207,158.6999969,254,3.868,1.5946,2013-11-12T12:40:09.394Z,,,
1,190,53.380342,-1.478349,158.3999939,259,3.857,1.589,2013-11-12T12:40:15.390Z,,,
1,191,53.380341,-1.478377,158.3000031,263,3.887,1.6915,2013-11-12T12:40:16.430Z,,,
1,192,53.380367,-1.47849,158.8999939,291,3.861,2.5525,2013-11-12T12:40:19.710Z,,,
1,193,53.380381,-1.478527,159,296,3.924,2.5791,2013-11-12T12:40:20.490Z,,,
1,194,53.380422,-1.478659,158.1000061,298,3.873,0.6088,2013-11-12T12:40:34.901Z,,,
1,195,53.380424,-1.478668,157.6999969,297,3.86,0.6361,2013-11-12T12:40:35.351Z,,,
1,196,53.380469,-1.478791,156.3000031,303,3.214,2.1211,2013-11-12T12:40:40.336Z,,,
1,197,53.380481,-1.478817,156.3000031,306,3.695,2.095,2013-11-12T12:40:41.395Z,,,
1,198,53.38055,-1.478905,156,353,4.529,0.3917,2013-11-12T12:40:52.398Z,,,
1,199,53.380555,-1.478909,156,343,4.514,0.4628,2013-11-12T12:40:53.407Z,,,
1,200,53.380608,-1.479012,155.6000061,309,3.87,1.2059,2013-11-12T12:41:01.384Z,,,
1,201,53.380617,-1.479026,155.6999969,314,4.269,1.2636,2013-11-12T12:41:02.384Z,,,
1,202,53.380684,-1.479088,156.3999939,330,5.05,1.7616,2013-11-12T12:41:07.399Z,,,
1,203,53.380701,-1.479101,156.1999969,333,5.112,1.8535,2013-11-12T12:41:08.410Z,,,
1,204,53.380778,-1.479134,155.3999939,349,5.062,1.6687,2013-11-12T12:41:13.391Z,,,
1,205,53.380791,-1.479133,155.3999939,354,5.459,1.5975,2013-11-12T12:41:14.390Z,,,
1,206,53.380765,-1.479254,155,221,11.973,0.7983,2013-11-12T12:41:29.398Z,,,
1,207,53.380756,-1.479275,155,226,12.03,0.9898,2013-11-12T12:41:30.397Z,,,
1,208,53.380756,-1.47941,154.6999969,266,9.686,1.4969,2013-11-12T12:41:35.478Z,,,
1,209,53.38075,-1.47944,155.3000031,262,8.905,1.6641,2013-11-12T12:41:36.339Z,,,
1,210,53.380752,-1.479552,158.6000061,274,6.015,2.2241,2013-11-12T12:41:39.354Z,,,
1,211,53.380771,-1.479594,161.8000031,289,6.327,2.4264,2013-11-12T12:41:40.507Z,,,
1,212,53.380821,-1.479694,161.5,304,6.302,2.7348,2013-11-12T12:41:43.340Z,,,
1,213,53.380828,-1.479726,161.8000031,300,6.31,2.5616,2013-11-12T12:41:44.345Z,,,
1,214,53.380815,-1.479873,159,263,5.75,1.937,2013-11-12T12:41:49.377Z,,,
1,215,53.380807,-1.479897,159.3999939,256,5.691,1.8816,2013-11-12T12:41:50.337Z,,,
1,216,53.38076,-1.480014,157.3999939,241,3.894,1.1327,2013-11-12T12:41:57.354Z,,,
1,217,53.38075,-1.480034,156.5,235,3.366,1.3396,2013-11-12T12:41:58.396Z,,,
1,218,53.380715,-1.480171,154.1999969,253,3.154,1.9149,2013-11-12T12:42:03.366Z,,,
1,219,53.380717,-1.480197,152.6999969,265,3.176,1.6992,2013-11-12T12:42:04.447Z,,,
1,220,53.380709,-1.480325,151.6000061,258,3.19,1.956,2013-11-12T12:42:09.412Z,,,
1,221,53.380703,-1.480358,152.8000031,256,3.124,2.1522,2013-11-12T12:42:10.368Z,,,
1,222,53.380681,-1.480489,152.8000031,254,3.123,2.3094,2013-11-12T12:42:15.216Z,,,
1,223,53.380675,-1.480524,152,254,3.185,2.2238,2013-11-12T12:42:15.459Z,,,
1,224,53.380681,-1.480671,153.1999969,280,3.165,1.5411,2013-11-12T12:42:21.516Z,,,
1,225,53.380682,-1.480692,152.3999939,279,3.053,1.5951,2013-11-12T12:42:22.367Z,,,
1,226,53.380756,-1.480772,152.5,352,3.189,1.5322,2013-11-12T12:42:29.388Z,,,
1,227,53.38077,-1.480768,152.3000031,0,3.196,1.5542,2013-11-12T12:42:30.386Z,,,
1,228,53.380851,-1.480728,151.6000061,17,3.147,1.5879,2013-11-12T12:42:36.346Z,,,
1,229,53.380863,-1.480718,151.6000061,20,3.181,1.5467,2013-11-12T12:42:37.352Z,,,
1,230,53.380932,-1.480766,153,318,3.105,1.7401,2013-11-12T12:42:44.792Z,,,
1,231,53.380946,-1.480793,153,315,3.258,1.8879,2013-11-12T12:42:45.628Z,,,
1,232,53.381004,-1.48088,152.8000031,326,3.198,1.872,2013-11-12T12:42:50.370Z,,,
1,233,53.381021,-1.48089,153.1000061,334,3.267,1.8982,2013-11-12T12:42:51.393Z,,,
1,234,53.381099,-1.480943,151.1999969,329,3.188,1.6448,2013-11-12T12:42:57.419Z,,,
1,235,53.381114,-1.480958,151.3000031,329,3.337,1.5569,2013-11-12T12:42:58.728Z,,,
1,236,53.38119,-1.480976,150.3000031,20,3.835,0.8794,2013-11-12T12:43:08.418Z,,,
1,237,53.381226,-1.480969,150.8999939,6,3.701,3.3019,2013-11-12T12:43:08.944Z,,,
1,238,53.381266,-1.480835,146.1999969,81,2.735,1.8489,2013-11-12T12:43:15.826Z,,,
1,239,53.381268,-1.480783,145.3999939,84,3.564,2.6948,2013-11-12T12:43:17.055Z,,,
1,240,53.381269,-1.480649,143.3999939,88,3.125,1.6316,2013-11-12T12:43:22.866Z,,,
1,241,53.381271,-1.480627,141.8999939,86,3.143,1.5083,2013-11-12T12:43:23.405Z,,,
1,242,53.381294,-1.480499,142.3999939,63,3.129,1.3029,2013-11-12T12:43:30.419Z,,,
1,243,53.3813,-1.480484,143.3000031,59,3.114,1.3007,2013-11-12T12:43:31.379Z,,,
1,244,53.381318,-1.480402,145.6999969,72,3.191,1.0543,2013-11-12T12:43:36.346Z,,,
1,245,53.38131,-1.480875,,,10.743,,2013-11-12T12:43:40.854Z,,,
1,246,53.381306,-1.480853,,,14.554,,2013-11-12T12:43:45.930Z,,,
1,247,53.3813,-1.480357,143,183,5.937,0.7122,2013-11-12T12:43:46.347Z,,,
1,248,53.381221,-1.480321,141.1000061,161,3.386,2.0129,2013-11-12T12:43:50.984Z,,,
1,249,53.381203,-1.480309,142.1000061,160,3.225,2.1032,2013-11-12T12:43:51.358Z,,,
1,250,53.381132,-1.480277,144,164,3.206,2.702,2013-11-12T12:43:54.406Z,,,
1,251,53.381112,-1.480259,144,158,3.208,2.5565,2013-11-12T12:43:55.416Z,,,
1,252,53.381093,-1.480117,145.1999969,91,3.219,1.3912,2013-11-12T12:44:01.381Z,,,
1,253,53.381095,-1.4801,145.1999969,85,3.714,1.2304,2013-11-12T12:44:02.456Z,,,
1,254,53.3811,-1.480089,145.1000061,72,3.238,0.6177,2013-11-12T12:44:04.396Z,,,
1,255,53.381096,-1.480098,145.3000031,,3.61,0.0896,2013-11-12T12:44:05.343Z,,,
1,256,53.381096,-1.480098,145.3000031,,3.61,0.0896,2013-11-12T12:44:06.137Z,,,
1,257,53.381091,-1.480113,145.3000031,234,3.905,0.4778,2013-11-12T12:44:06.486Z,,,
1,258,53.381085,-1.480134,145.1999969,244,4.476,0.2915,2013-11-12T12:44:11.175Z,,,
1,259,53.381085,-1.480135,145.1999969,,4.499,0.1875,2013-11-12T12:44:11.348Z,,,
1,260,53.381081,-1.480162,146.1999969,,39.164,0.0001,2013-11-12T12:47:39.824Z,,,
1,261,53.380924,-1.48003,156.8999939,,35,,2013-11-12T12:47:41.391Z,,,
1,262,53.380875,-1.479952,155.8000031,133,20.851,3.7432,2013-11-12T12:47:43.389Z,,,
1,263,53.380857,-1.479907,155.6999969,128,16.949,3.6519,2013-11-12T12:47:44.394Z,,,
1,264,53.380799,-1.479859,153.3000031,213,3.863,0.2711,2013-11-12T12:48:00.328Z,,,
1,265,53.380802,-1.479857,152.6000061,,3.89,0.0313,2013-11-12T12:48:01.379Z,,,
1,266,53.380806,-1.479858,152.5,,3.867,0.1911,2013-11-12T12:48:02.372Z,,,
1,267,53.380812,-1.479861,153.1000061,346,3.878,0.3993,2013-11-12T12:48:03.386Z,,,
1,268,53.38085,-1.479996,154.3000031,301,3.856,0.4841,2013-11-12T12:48:16.378Z,,,
1,269,53.380849,-1.479999,154.3999939,289,3.863,0.3508,2013-11-12T12:48:17.380Z,,,
1,270,53.38088,-1.479979,152.6000061,28,3.862,0.2659,2013-11-12T12:48:24.704Z,,,
1,271,53.380877,-1.47998,152.1000061,,3.868,0.0321,2013-11-12T12:48:25.389Z,,,
1,272,53.380873,-1.479984,152.6000061,,3.84,0.2092,2013-11-12T12:48:26.354Z,,,
1,273,53.380869,-1.479988,152.3000031,209,4.267,0.3314,2013-11-12T12:48:27.359Z,,,
1,274,53.380846,-1.479929,150.1000061,77,4.017,0.3142,2013-11-12T12:48:37.340Z,,,
1,275,53.380849,-1.47993,151.6999969,,3.957,0.2192,2013-11-12T12:48:38.453Z,,,
1,276,53.380852,-1.479929,152.1000061,26,3.814,0.2685,2013-11-12T12:48:39.339Z,,,
1,277,53.380923,-1.479945,151.3999939,299,3.864,0.3069,2013-11-12T12:48:53.347Z,,,
1,278,53.380921,-1.479944,151.3999939,,3.86,0.1193,2013-11-12T12:48:54.338Z,,,
1,279,53.38092,-1.479937,151,,3.875,0.1373,2013-11-12T12:48:56.354Z,,,
1,280,53.380924,-1.47993,151.5,57,3.853,0.3087,2013-11-12T12:48:57.334Z,,,
1,281,53.380846,-1.479862,155.5,150,3.187,0.5081,2013-11-12T12:49:12.335Z,,,
1,282,53.380841,-1.47986,155.8999939,159,3.209,0.5309,2013-11-12T12:49:13.366Z,,,
1,283,53.380817,-1.479873,158.8999939,212,3.199,0.3518,2013-11-12T12:49:19.596Z,,,
1,284,53.38082,-1.479874,158.8000031,,3.209,0.126,2013-11-12T12:49:20.373Z,,,
1,285,53.380824,-1.479873,158.6999969,,3.219,0.2383,2013-11-12T12:49:21.405Z,,,
1,286,53.380854,-1.47988,159.1000061,331,3.214,0.3099,2013-11-12T12:49:27.405Z,,,
1,287,53.380852,-1.47988,158.8999939,,3.192,0.1183,2013-11-12T12:49:28.379Z,,,
1,288,53.38085,-1.479883,157.8000031,,3.201,0.1449,2013-11-12T12:49:29.698Z,,,
1,289,53.380844,-1.479895,157.8999939,230,3.189,0.5979,2013-11-12T12:49:30.368Z,,,
1,290,53.380832,-1.479922,157.5,246,3.222,0.3314,2013-11-12T12:49:34.690Z,,,
1,291,53.380834,-1.479921,157.3999939,,3.194,0.1312,2013-11-12T12:49:35.425Z,,,
1,292,53.380839,-1.479921,157,,3.205,0.2112,2013-11-12T12:49:37.436Z,,,
1,293,53.380841,-1.479923,157.3999939,,3.165,0.2476,2013-11-12T12:49:38.374Z,,,
1,294,53.380843,-1.479924,157.6999969,,3.2,0.2327,2013-11-12T12:49:39.722Z,,,
1,295,53.380845,-1.479924,158.1999969,,3.188,0.2081,2013-11-12T12:49:40.383Z,,,
1,296,53.380858,-1.479934,158.1000061,,47.318,0.0009,2013-11-12T13:07:27.429Z,,,
2,1,53.380852,-1.479696,166.1999969,231,9.633,0.333,2013-11-12T13:56:20.578Z,,,
2,2,53.380889,-1.480143,,,14.041,,2013-11-12T13:56:21.192Z,,,
2,3,53.380889,-1.480143,,,17.238,,2013-11-12T13:56:24.568Z,,,
2,4,53.381448,-1.480184,,,14.331,,2013-11-12T13:56:29.236Z,,,
2,5,53.381448,-1.480184,,,29.247,,2013-11-12T13:56:54.987Z,,,
2,6,53.381282,-1.480269,,,30,,2013-11-12T13:57:00.156Z,,,
2,7,53.381214,-1.480198,,,21.346,,2013-11-12T13:57:17.482Z,,,
2,8,53.381023,-1.480338,168.6000061,171,21,2.1023,2013-11-12T13:57:18.406Z,,,
2,9,53.380973,-1.480319,166.3000031,157,5.445,0.6051,2013-11-12T13:57:25.415Z,,,
2,10,53.38098,-1.480322,166.8999939,,4.776,0.1116,2013-11-12T13:57:26.424Z,,,
2,11,53.38099,-1.480326,168.6000061,353,4.564,0.3639,2013-11-12T13:57:27.413Z,,,
2,12,53.381048,-1.480436,175.1999969,289,3.239,1.4478,2013-11-12T13:57:37.490Z,,,
2,13,53.381055,-1.480451,173.8999939,298,3.627,1.3566,2013-11-12T13:57:38.434Z,,,
2,14,53.381132,-1.480437,174.8999939,348,3.331,0.507,2013-11-12T13:57:46.408Z,,,
2,15,53.381129,-1.480438,175.1999969,,3.249,0.1363,2013-11-12T13:57:47.483Z,,,
2,16,53.381121,-1.480441,175.8000031,,3.855,0.1983,2013-11-12T13:57:51.423Z,,,
2,17,53.381118,-1.480444,175.5,211,3.88,0.2778,2013-11-12T13:57:52.462Z,,,
2,18,53.381066,-1.480439,177.5,,3.198,0.2418,2013-11-12T13:58:00.458Z,,,
2,19,53.381067,-1.480441,177.6999969,,3.197,0.1383,2013-11-12T13:58:01.449Z,,,
2,20,53.381061,-1.480445,178.5,,3.303,0.0798,2013-11-12T13:58:10.635Z,,,
2,21,53.381065,-1.480447,178.6000061,342,3.13,0.3086,2013-11-12T13:58:11.450Z,,,
2,22,53.381074,-1.480451,178.5,343,3.818,0.2718,2013-11-12T13:58:14.431Z,,,
2,23,53.381074,-1.480451,178.5,,3.84,0.1688,2013-11-12T13:58:15.414Z,,,
2,24,53.381073,-1.48045,178.5,,4.948,0.0129,2013-11-12T13:58:19.563Z,,,
2,25,53.381079,-1.480451,178.5,354,5.298,0.2758,2013-11-12T13:58:20.438Z,,,
2,26,53.38114,-1.480483,177.1000061,344,5.977,2.2133,2013-11-12T13:58:22.418Z,,,
2,27,53.381183,-1.480507,172.1000061,343,6.175,3.1247,2013-11-12T13:58:23.414Z,,,
2,28,53.381236,-1.480531,169.6000061,344,6.302,4.054,2013-11-12T13:58:24.666Z,,,
2,29,53.381277,-1.480556,165.5,343,4.933,4.3761,2013-11-12T13:58:25.416Z,,,
2,30,53.381289,-1.480679,163.3999939,264,5.239,1.5071,2013-11-12T13:58:31.410Z,,,
2,31,53.381285,-1.480712,163.3000031,261,5.577,1.7188,2013-11-12T13:58:32.473Z,,,
2,32,53.381292,-1.480847,163.6999969,279,7.584,1.6341,2013-11-12T13:58:37.461Z,,,
2,33,53.381298,-1.480864,164.1000061,285,8.17,1.4813,2013-11-12T13:58:38.523Z,,,
2,34,53.381296,-1.480982,165.6000061,261,8.177,1.4544,2013-11-12T13:58:44.488Z,,,
2,35,53.381281,-1.481013,165.8000031,249,7.697,1.7269,2013-11-12T13:58:45.469Z,,,
2,36,53.381253,-1.481124,167,250,6.539,2.3349,2013-11-12T13:58:48.467Z,,,
2,37,53.381247,-1.481159,166.6000061,250,6.372,2.3659,2013-11-12T13:58:49.460Z,,,
2,38,53.381238,-1.481295,166.5,264,6.767,2.1749,2013-11-12T13:58:53.546Z,,,
2,39,53.381243,-1.481322,166.5,270,6.763,2.0947,2013-11-12T13:58:54.473Z,,,
2,40,53.381197,-1.481444,166.8000031,215,6.302,1.1991,2013-11-12T13:59:05.402Z,,,
2,41,53.381191,-1.48147,165.8999939,229,5.931,1.365,2013-11-12T13:59:06.402Z,,,
2,42,53.381191,-1.481617,166.5,275,5.696,1.3431,2013-11-12T13:59:12.422Z,,,
2,43,53.381195,-1.481629,167.1000061,281,5.736,1.1734,2013-11-12T13:59:13.447Z,,,
2,44,53.381253,-1.481708,165.3999939,317,5.913,1.4458,2013-11-12T13:59:21.486Z,,,
2,45,53.381265,-1.481733,165.6999969,314,5.761,1.6773,2013-11-12T13:59:22.474Z,,,
2,46,53.381291,-1.481852,165.3999939,288,6.046,2.0089,2013-11-12T13:59:26.896Z,,,
2,47,53.381283,-1.481894,165.6999969,274,5.878,2.1987,2013-11-12T13:59:27.482Z,,,
2,48,53.38125,-1.482025,165.8000031,253,5.715,2.8161,2013-11-12T13:59:30.464Z,,,
2,49,53.381237,-1.482057,166,248,5.314,2.7097,2013-11-12T13:59:31.462Z,,,
2,50,53.381193,-1.482175,165,253,5.121,1.1677,2013-11-12T13:59:38.452Z,,,
2,51,53.381193,-1.482192,164.8999939,260,6.236,1.1382,2013-11-12T13:59:39.474Z,,,
2,52,53.381222,-1.482309,166.3000031,291,13.335,1.3858,2013-11-12T13:59:45.467Z,,,
2,53,53.38123,-1.482332,166.3000031,294,13.649,1.4659,2013-11-12T13:59:46.461Z,,,
2,54,53.381246,-1.482462,167.1000061,282,11.474,1.6738,2013-11-12T13:59:51.466Z,,,
2,55,53.381244,-1.482492,166.6999969,277,11.207,1.7412,2013-11-12T13:59:52.456Z,,,
2,56,53.38123,-1.482598,165.3999939,265,9.794,2.0891,2013-11-12T13:59:55.459Z,,,
2,57,53.381223,-1.482643,164.8999939,262,9.72,2.2986,2013-11-12T13:59:56.509Z,,,
2,58,53.381209,-1.482788,164.8999939,262,8.652,2.8913,2013-11-12T13:59:59.863Z,,,
2,59,53.381205,-1.482836,164.8999939,262,8.223,2.9997,2013-11-12T14:00:00.433Z,,,
2,60,53.381184,-1.482973,163.3999939,255,6.967,2.3744,2013-11-12T14:00:04.461Z,,,
2,61,53.381174,-1.482995,162.6999969,249,6.926,2.1768,2013-11-12T14:00:05.479Z,,,
2,62,53.381232,-1.483103,161.3999939,324,5.689,1.4625,2013-11-12T14:00:12.418Z,,,
2,63,53.381233,-1.483112,161,317,5.749,1.103,2013-11-12T14:00:13.462Z,,,
2,64,53.381178,-1.483197,160.3000031,233,6.604,1.3912,2013-11-12T14:00:19.424Z,,,
2,65,53.381171,-1.483228,159.6000061,240,6.457,1.6135,2013-11-12T14:00:20.459Z,,,
2,66,53.381164,-1.483356,159.3999939,262,6.553,2.0158,2013-11-12T14:00:24.426Z,,,
2,67,53.381161,-1.48339,159.8999939,261,6.789,2.0913,2013-11-12T14:00:25.459Z,,,
2,68,53.381118,-1.483517,161.1999969,240,6.398,1.4777,2013-11-12T14:00:31.466Z,,,
2,69,53.381109,-1.483534,160.6999969,236,6.321,1.4903,2013-11-12T14:00:32.461Z,,,
2,70,53.381109,-1.483671,159,279,7.027,1.5375,2013-11-12T14:00:38.452Z,,,
2,71,53.381112,-1.483696,159.1000061,280,7.362,1.5548,2013-11-12T14:00:39.518Z,,,
2,72,53.381167,-1.483762,153.8999939,320,4.613,2.2388,2013-11-12T14:00:42.459Z,,,
2,73,53.381196,-1.483777,153.8999939,331,4.521,2.6292,2013-11-12T14:00:43.459Z,,,
2,74,53.381277,-1.483819,155,341,3.873,2.9878,2013-11-12T14:00:46.462Z,,,
2,75,53.381302,-1.483832,154,342,3.843,3.0023,2013-11-12T14:00:47.420Z,,,
2,76,53.381383,-1.483835,151.3999939,359,4.031,2.995,2013-11-12T14:00:50.472Z,,,
2,77,53.381413,-1.483822,150.5,6,4.309,3.1618,2013-11-12T14:00:51.465Z,,,
2,78,53.381498,-1.483787,153.1999969,9,4.444,3.1298,2013-11-12T14:00:54.463Z,,,
2,79,53.381519,-1.483795,154.3999939,2,4.486,2.8,2013-11-12T14:00:55.458Z,,,
2,80,53.381575,-1.483882,158.3000031,321,3.991,2.1013,2013-11-12T14:00:59.465Z,,,
2,81,53.381589,-1.483911,160.1999969,315,4.32,2.2328,2013-11-12T14:01:00.475Z,,,
2,82,53.381635,-1.484006,165.1000061,312,3.426,2.5816,2013-11-12T14:01:03.458Z,,,
2,83,53.38165,-1.484029,165.6999969,314,3.234,2.4044,2013-11-12T14:01:04.466Z,,,
2,84,53.381696,-1.484146,171.1999969,276,3.167,1.3092,2013-11-12T14:01:11.415Z,,,
2,85,53.381692,-1.484172,171.8999939,264,3.188,1.4945,2013-11-12T14:01:12.415Z,,,
2,86,53.381602,-1.484174,172.6000061,160,3.189,1.5126,2013-11-12T14:01:23.922Z,,,
2,87,53.381588,-1.484172,172.1999969,168,3.199,1.5017,2013-11-12T14:01:24.467Z,,,
2,88,53.381535,-1.484179,171.5,191,3.203,0.3226,2013-11-12T14:01:32.472Z,,,
2,89,53.381535,-1.484177,171.6999969,,3.199,0.18,2013-11-12T14:01:33.473Z,,,
2,90,53.381531,-1.48417,170.3999939,,3.852,0.0555,2013-11-12T14:02:33.453Z,,,
2,91,53.381534,-1.484179,170.3000031,307,3.857,0.3478,2013-11-12T14:02:34.450Z,,,
2,92,53.381574,-1.484273,168.6999969,306,4.467,2.2371,2013-11-12T14:02:37.426Z,,,
2,93,53.381592,-1.484316,168.1999969,306,4.519,2.679,2013-11-12T14:02:38.467Z,,,
2,94,53.381622,-1.484431,167.6000061,295,5.102,2.6804,2013-11-12T14:02:41.457Z,,,
2,95,53.381628,-1.484467,166.6999969,292,5.11,2.5971,2013-11-12T14:02:42.454Z,,,
2,96,53.381672,-1.484584,165.3999939,302,5.13,2.308,2013-11-12T14:02:46.438Z,,,
2,97,53.381683,-1.48461,166.1999969,303,4.677,2.2628,2013-11-12T14:02:47.421Z,,,
2,98,53.381731,-1.484735,163.3000031,304,5.046,2.5303,2013-11-12T14:02:51.405Z,,,
2,99,53.381747,-1.484773,163.3999939,305,5.826,2.6755,2013-11-12T14:02:52.473Z,,,
2,100,53.381784,-1.484847,163.1000061,309,7.399,2.9924,2013-11-12T14:02:55.309Z,,,
2,101,53.381807,-1.484887,162,311,7.692,3.229,2013-11-12T14:02:55.417Z,,,
2,102,53.381835,-1.484928,165.1000061,313,7.562,3.4657,2013-11-12T14:02:56.419Z,,,
2,103,53.381882,-1.484978,166.6999969,320,7.74,4.2417,2013-11-12T14:02:57.407Z,,,
2,104,53.381936,-1.485025,167.6999969,325,7.851,4.9168,2013-11-12T14:02:58.407Z,,,
2,105,53.381986,-1.485066,169.3000031,328,8.246,5.1944,2013-11-12T14:02:59.460Z,,,
2,106,53.382066,-1.485122,172.3999939,333,8.933,4.9835,2013-11-12T14:03:02.195Z,,,
2,107,53.382096,-1.485142,174.3000031,334,9.269,4.6038,2013-11-12T14:03:02.452Z,,,
2,108,53.382179,-1.485188,178.1999969,339,9.95,2.3842,2013-11-12T14:03:07.465Z,,,
2,109,53.382186,-1.485191,178.8000031,339,9.665,2.0171,2013-11-12T14:03:08.414Z,,,
2,110,53.382261,-1.485253,184.8999939,334,10.367,1.2709,2013-11-12T14:03:18.453Z,,,
2,111,53.382272,-1.485262,185.3999939,334,10.735,1.2778,2013-11-12T14:03:19.472Z,,,
2,112,53.382339,-1.485328,191.1000061,328,10.239,0.2628,2013-11-12T14:03:33.454Z,,,
2,113,53.382339,-1.485328,191.1000061,,8.356,0.1771,2013-11-12T14:03:34.427Z,,,
2,114,53.382336,-1.485324,191.6999969,,4.905,0.0555,2013-11-12T14:03:37.463Z,,,
2,115,53.382335,-1.485308,190.8999939,98,4.111,0.4243,2013-11-12T14:03:38.468Z,,,
2,116,53.382369,-1.485272,192.5,314,3.197,0.409,2013-11-12T14:03:50.450Z,,,
2,117,53.38237,-1.485271,192.1000061,,3.199,0.2204,2013-11-12T14:03:51.449Z,,,
2,118,53.382372,-1.485274,191.8999939,,3.652,0.1932,2013-11-12T14:03:53.459Z,,,
2,119,53.382375,-1.485279,192.1000061,317,3.822,0.3208,2013-11-12T14:03:54.462Z,,,
2,120,53.38239,-1.485304,191.6999969,,3.657,0.2419,2013-11-12T14:04:00.467Z,,,
2,121,53.38239,-1.485304,191.6999969,,3.317,0.1379,2013-11-12T14:04:01.469Z,,,
2,122,53.382391,-1.485309,191.6999969,,3.17,0.1869,2013-11-12T14:04:11.410Z,,,
2,123,53.382392,-1.485321,192.1000061,285,3.219,0.4659,2013-11-12T14:04:12.462Z,,,
2,124,53.382337,-1.485429,192,223,3.9,2.2132,2013-11-12T14:04:18.189Z,,,
2,125,53.382313,-1.485449,190.1999969,215,3.813,2.631,2013-11-12T14:04:18.424Z,,,
2,126,53.382249,-1.48548,187,201,3.84,3.3288,2013-11-12T14:04:20.348Z,,,
2,127,53.382214,-1.485495,186.8000031,198,3.899,3.5269,2013-11-12T14:04:21.491Z,,,
2,128,53.382151,-1.485531,183.8000031,199,3.862,3.6579,2013-11-12T14:04:23.464Z,,,
2,129,53.382122,-1.485551,181.6999969,201,3.856,3.6185,2013-11-12T14:04:24.452Z,,,
2,130,53.382063,-1.485585,179.8000031,200,3.842,3.5265,2013-11-12T14:04:26.424Z,,,
2,131,53.382034,-1.485601,181.6999969,199,3.351,3.4391,2013-11-12T14:04:27.457Z,,,
2,132,53.381956,-1.485653,182.8999939,203,3.662,3.0869,2013-11-12T14:04:30.472Z,,,
2,133,53.381935,-1.485673,182.8999939,206,3.812,2.9278,2013-11-12T14:04:31.454Z,,,
2,134,53.381883,-1.485706,183.1999969,,3.837,0.2331,2013-11-12T14:04:39.790Z,,,
2,135,53.381882,-1.485708,183.1000061,,3.868,0.1666,2013-11-12T14:04:40.451Z,,,
2,136,53.381881,-1.485711,183.1999969,,3.89,0.1584,2013-11-12T14:04:41.494Z,,,
2,137,53.381879,-1.485715,183.3999939,,3.849,0.2342,2013-11-12T14:04:42.460Z,,,
2,138,53.381832,-1.485842,179.5,248,3.24,1.8216,2013-11-12T14:04:49.508Z,,,
2,139,53.381831,-1.485873,179.5,259,3.185,1.9459,2013-11-12T14:04:50.463Z,,,
2,140,53.381832,-1.486006,178.3999939,266,3.196,2.2387,2013-11-12T14:04:54.450Z,,,
2,141,53.381825,-1.486043,178,259,3.202,2.3634,2013-11-12T14:04:55.460Z,,,
2,142,53.381804,-1.486154,177.3000031,256,3.208,2.5075,2013-11-12T14:04:58.456Z,,,
2,143,53.381804,-1.48619,176.8999939,262,3.662,2.4158,2013-11-12T14:04:59.474Z,,,
2,144,53.38181,-1.486336,177.3000031,266,3.216,1.8987,2013-11-12T14:05:05.066Z,,,
2,145,53.381802,-1.48636,178.1999969,254,3.201,1.8239,2013-11-12T14:05:05.463Z,,,
2,146,53.381745,-1.486455,178.1999969,238,3.639,1.408,2013-11-12T14:05:11.431Z,,,
2,147,53.381747,-1.486484,178.8000031,259,3.321,1.5258,2013-11-12T14:05:12.458Z,,,
2,148,53.381781,-1.486577,174.6999969,303,3.633,2.3123,2013-11-12T14:05:15.443Z,,,
2,149,53.381802,-1.486604,173.5,312,4.23,2.5081,2013-11-12T14:05:16.466Z,,,
2,150,53.381864,-1.486677,170.6999969,323,5.898,2.7374,2013-11-12T14:05:19.449Z,,,
2,151,53.381883,-1.486701,170.3999939,323,6.173,2.6811,2013-11-12T14:05:20.465Z,,,
2,152,53.381958,-1.486782,166.6000061,332,5.044,1.2074,2013-11-12T14:05:27.400Z,,,
2,153,53.381963,-1.486786,167,332,5.111,1.0046,2013-11-12T14:05:28.408Z,,,
2,154,53.381971,-1.486799,169.1000061,,4.844,0.2461,2013-11-12T14:05:33.428Z,,,
2,155,53.381966,-1.486789,164.3000031,,4.591,0.1792,2013-11-12T14:05:34.449Z,,,
2,156,53.381966,-1.486789,164.3000031,,4.591,0.1792,2013-11-12T14:05:35.053Z,,,
2,157,53.381959,-1.486775,163.6999969,126,4.119,0.5509,2013-11-12T14:05:35.591Z,,,
2,158,53.381956,-1.486765,164.6999969,120,3.959,0.3737,2013-11-12T14:05:37.567Z,,,
2,159,53.381958,-1.486768,164.8999939,,3.821,0.1071,2013-11-12T14:05:38.447Z,,,
2,160,53.381966,-1.486779,164.3999939,,3.201,0.1984,2013-11-12T14:05:50.425Z,,,
2,161,53.381971,-1.486781,164.6999969,356,3.198,0.3724,2013-11-12T14:05:51.420Z,,,
2,162,53.381993,-1.48682,166.3000031,335,4.512,0.2747,2013-11-12T14:06:03.399Z,,,
2,163,53.381994,-1.486821,166.3000031,,4.033,0.2104,2013-11-12T14:06:04.411Z,,,
2,164,53.381994,-1.486825,166.6999969,,3.34,0.0307,2013-11-12T14:06:16.438Z,,,
2,165,53.381997,-1.486837,166.6999969,290,3.202,0.4068,2013-11-12T14:06:17.408Z,,,
2,166,53.382028,-1.486976,167.3999939,288,6.521,1.1865,2013-11-12T14:06:25.467Z,,,
2,167,53.38203,-1.486992,167.3999939,287,6.678,1.188,2013-11-12T14:06:26.411Z,,,
2,168,53.382087,-1.487102,166.1000061,327,10.425,0.9539,2013-11-12T14:06:36.701Z,,,
2,169,53.382098,-1.487112,165.8999939,329,10.238,1.044,2013-11-12T14:06:37.407Z,,,
2,170,53.382162,-1.487192,162.1999969,324,9.216,1.6569,2013-11-12T14:06:42.464Z,,,
2,171,53.382179,-1.487213,161.8999939,324,8.805,1.8377,2013-11-12T14:06:43.457Z,,,
2,172,53.382239,-1.487276,163.6999969,328,7.808,2.3367,2013-11-12T14:06:46.434Z,,,
2,173,53.382259,-1.487291,163.6999969,330,7.92,2.3269,2013-11-12T14:06:47.450Z,,,
2,174,53.382336,-1.487225,167.1999969,37,7.243,0.8079,2013-11-12T14:06:57.449Z,,,
2,175,53.382361,-1.487217,170.3000031,21,5.691,1.3616,2013-11-12T14:06:58.449Z,,,
2,176,53.382425,-1.487195,173.3000031,13,4.55,2.7269,2013-11-12T14:07:00.438Z,,,
2,177,53.382456,-1.487185,173.6000061,12,4.573,2.9598,2013-11-12T14:07:01.502Z,,,
2,178,53.382536,-1.487147,173,19,4.307,1.1849,2013-11-12T14:07:07.457Z,,,
2,179,53.382543,-1.487143,173,19,4.463,1.0312,2013-11-12T14:07:08.465Z,,,
2,180,53.382611,-1.487047,172.8999939,45,16.555,0.7992,2013-11-12T14:07:21.714Z,,,
2,181,53.382182,-1.487237,,,20,,2013-11-12T14:08:33.088Z,,,
2,182,53.382182,-1.487237,,,29.58,,2013-11-12T14:08:49.999Z,,,
2,183,53.382671,-1.487162,,,42.927,,2013-11-12T14:08:55.297Z,,,
2,184,53.382713,-1.487088,,,13.179,,2013-11-12T14:10:04.871Z,,,
